Wildtype,Mutant
1.886203885,2.084230977
2.430399695,1.607290591
3.309311616,1.658666461
2.320007041,1.969251714
1.79413932,2.042042106
2.1128728,1.810710906
2.955155186,1.531747362
2.521996239,2.574274243
2.08765371,2.860902471
1.965377047,1.544053131
2.001844943,1.586406256
2.121981279,1.695942078
1.799308144,1.23810311
2.683064743,1.956847747
2.490326706,2.679116475
1.850307006,1.937965715
1.887683687,1.322532769
2.076789167,2.056135989
2.655076934,2.296117487
2.411940388,2.078624055
1.932640108,1.273754782
3.028412106,2.288165216
2.051782038,2.478160973
1.81942736,1.978486557
